{"avg_distance":6.397471295099509,"lower_bound":61.0,"effective_diameter":8.90668704826894,"total_couples":3.359893990935E12,"nodes":3072441,"edges":234370166
}