{
	"avg_distance": 3.73459072301942,
	"effective_diameter":4.818475340076015, 
	"lower_bound":16 ,
	"total_couples": 2.49952318E8
}


