{"avg_distance":12.075326097967634,"diameter":48.0,"effective_diameter":15.54350965747405,"total_couples":4.6152331565E11,"nodes":735323,"edges":5158388}