{"avg_distance":16.124036853797357,"diameter":70.0,"effective_diameter":22.72196018099018,"total_couples":1.1300563035E10,"nodes":2700815,"edges":3811922}