{"avg_distance":7.892420362825129,"diameter":31.0,"effective_diameter":10.697254010946658,"total_couples":1.912071972E9,"nodes":317080,"edges":1049866}