{"avg_distance":17.423936032867655,"diameter":84.0,"effective_diameter":25.530176201518838,"total_couples":3.7455851843E10,"nodes":325557,"edges":3216152}