{"avg_distance":6.494519010102226,"diameter":35.0,"effective_diameter":8.98139966858118,"total_couples":3.2946412759E10,"nodes":1134890,"edges":2987624}