{"avg_distance":7.361305657688923,"diameter":26.0,"effective_diameter":8.970287552591946,"total_couples":5.126322019E10,"nodes":326186,"edges":1615400}