{"avg_distance":6.4495764389683625,"lower_bound":21.0,"effective_diameter":8.548971364879964,"total_couples":7.99814961E8,"nodes":28281,"edges":185504}