{"avg_distance":4.252141255696315,"diameter":11.0,"effective_diameter":4.930933969824314,"total_couples":5.66123888E8,"nodes":69244,"edges":276143}