{"avg_distance":4.20573016952566,"diameter":11.0,"effective_diameter":4.73051419611695,"total_couples":9.651149613E9,"nodes":265214,"edges":420045}