{
    "avg_distance": 4.330770048337254,
    "lower_bound": 17.0,
    "effective_diameter": 6.200485784716515,
    "total_couples": 2512141.0,
    "nodes": 4039,
    "edges": 88235
}