{"avg_distance":3.73459072301942,"diameter":16.0,"effective_diameter":4.818475340076015,"total_couples":2.49952318E8,"nodes":37700,"edges":289003}