{"avg_distance":5.3408299858581945,"lower_bound":14.0,"effective_diameter":6.101893670851468,"total_couples":2.259861444E9,"nodes":47538,"edges":445774}