{"avg_distance":4.506483305878491,"lower_bound":12.0,"effective_diameter":5.084520989870704,"total_couples":2.978212329E9,"nodes":54573,"edges":996404}