{"avg_distance":2.8760917696699946,"lower_bound":8.0,"effective_diameter":3.1274604994291977,"total_couples":2.8262316996E10,"nodes":168114,"edges":13595114}