{"avg_distance":5.231550983859442,"lower_bound":15.0,"effective_diameter":6.434226982010337,"total_couples":5.8125376E7,"nodes":7624,"edges":55612}