{"avg_distance":2.5310546909192766,"lower_bound":7.0,"effective_diameter":2.905905169479661,"total_couples":3655744.0,"nodes":1912,"edges":62598}