{"avg_distance":2.882571131588069,"lower_bound":9.0,"effective_diameter":3.3713389078473486,"total_couples":2.1603904E7,"nodes":4648,"edges":118764}