{"avg_distance":3.677099644749034,"lower_bound":10.0,"effective_diameter":4.362668642003877,"total_couples":5.0779876E7,"nodes":7126,"edges":70648}