{"avg_distance":2.7212845643025507,"lower_bound":7.0,"effective_diameter":2.9860915491644526,"total_couples":9.0212004E7,"nodes":9498,"edges":306276}