{"avg_distance":3.0204056796714203,"lower_bound":9.0,"effective_diameter":3.6367710477508286,"total_couples":1.9228225E7,"nodes":4385,"edges":74608}