{"avg_distance":2.680581339897939,"lower_bound":7.0,"effective_diameter":2.9489839511090237,"total_couples":4.2889401E7,"nodes":6549,"edges":225332}