{"avg_distance":12.398342985446691,"lower_bound":54.0,"effective_diameter":15.621043636290404,"total_couples":1.5940795479E11,"nodes":403394,"edges":3387388}