{"avg_distance":10.423897242814943,"lower_bound":22.0,"effective_diameter":14.268390319544332,"total_couples":1.802765538E9,"nodes":653260,"edges":2931708}