{"avg_distance":9.19950198924645,"lower_bound":31.0,"effective_diameter":11.754187413306296,"total_couples":8.84228296E8,"nodes":62586,"edges":147892}