{"avg_distance":7.946923473956079,"lower_bound":25.0,"effective_diameter":11.20857176415316,"total_couples":986161.0,"nodes":1226,"edges":2615}