{"avg_distance":4.864130156457807,"lower_bound":19.0,"effective_diameter":6.868599265097521,"total_couples":3.8331037E7,"nodes":30837,"edges":213954}