{"avg_distance":5.104486263849818,"lower_bound":23.0,"effective_diameter":6.2444518974305,"total_couples":5.77863455179E11,"nodes":1138495,"edges":4942298}