{"avg_distance":4.662511068811401,"lower_bound":15.0,"effective_diameter":6.652211253701877,"total_couples":143421.0,"nodes":874,"edges":1853}