{"avg_distance":11.692136688810336,"lower_bound":49.0,"effective_diameter":21.145804945287782,"total_couples":4.85680575E8,"nodes":34546,"edges":421578}