{"avg_distance":8.459091346804739,"lower_bound":37.0,"effective_diameter":14.825972032705518,"total_couples":2.2461749E8,"nodes":27770,"edges":352807}