{"avg_distance":13.821950143678308,"lower_bound":48.0,"effective_diameter":20.004900865864034,"total_couples":9.3601811E7,"nodes":23166,"edges":91500}