{"avg_distance":6.348741179436085,"lower_bound":19.0,"effective_diameter":7.600031529458008,"total_couples":1.744983529E9,"nodes":41773,"edges":251652}