{"avg_distance":4.754589132209874,"lower_bound":16.0,"effective_diameter":5.7007592427267,"total_couples":2.691797694E9,"nodes":75879,"edges":508837}