{"avg_distance":4.1113132692240395,"diameter":12.0,"effective_diameter":4.789815826327357,"total_couples":5.442670512E9,"nodes":77360,"edges":905468}