{"avg_distance":6.03132063463461,"diameter":25.0,"effective_diameter":10.438480170492356,"total_couples":6.152779669E9,"nodes":100000,"edges":3050615}