{"avg_distance":11.265254369505296,"diameter":93.0,"effective_diameter":15.51319220873254,"total_couples":1.7809286474E10,"nodes":325729,"edges":1497134}