{"avg_distance":8.46335012718503,"diameter":27.0,"effective_diameter":11.204880212144062,"total_couples":2.577380745E9,"nodes":474258,"edges":840490}