{"avg_distance":11.712541311632988,"diameter":51.0,"effective_diameter":14.43313959358383,"total_couples":3.69740259137E11,"nodes":875713,"edges":5105039}