{"avg_distance":3.3390226694722234,"lower_bound":10.0,"effective_diameter":3.9593314731746814,"total_couples":1.1952947E7,"nodes":7115,"edges":103689}