{"avg_distance":20.261650037289176,"diameter":56.0,"effective_diameter":29.04757760398236,"total_couples":1.05140436E8,"nodes":53590,"edges":94358}