{"avg_distance":8.690985688791168,"diameter":37.0,"effective_diameter":12.852726650937013,"total_couples":3.1170812E7,"nodes":28396,"edges":136046}