{"avg_distance":9.951230985993314,"diameter":33.0,"effective_diameter":14.08568568452359,"total_couples":5.88207627E8,"nodes":113921,"edges":574437}