{"avg_distance":14.30170821560523,"diameter":54.0,"effective_diameter":27.421952260818944,"total_couples":3000558.0,"nodes":99459,"edges":125327}