{"avg_distance":9.615266951392403,"diameter":28.0,"effective_diameter":13.871978668092163,"total_couples":4.0684298E7,"nodes":28555,"edges":129328}