{"avg_distance":9.396947635652406,"diameter":38.0,"effective_diameter":18.794973600844774,"total_couples":1012330.0,"nodes":49800,"edges":63600}