{"avg_distance":6.853712082106094,"diameter":38.0,"effective_diameter":14.378395254448954,"total_couples":329330.0,"nodes":24870,"edges":31369}