{"avg_distance":9.84549403278374,"diameter":60.0,"effective_diameter":22.260469056064377,"total_couples":1669120.0,"nodes":99363,"edges":125974}