{"avg_distance":9.576086693832174,"diameter":31.0,"effective_diameter":13.613970119320786,"total_couples":1.47595275E8,"nodes":57051,"edges":268985}