{"avg_distance":19.045648600840796,"diameter":54.0,"effective_diameter":28.54732366037075,"total_couples":1.9923787E7,"nodes":26902,"edges":49321}