{"avg_distance":22.324953714832027,"diameter":69.0,"effective_diameter":31.68728533081506,"total_couples":3.7558468E8,"nodes":107141,"edges":190691}