{"avg_distance":14.138871016796283,"diameter":69.0,"effective_diameter":28.66144469525959,"total_couples":1338213.0,"nodes":49845,"edges":63038}