{"avg_distance":9.552655903752523,"diameter":32.0,"effective_diameter":14.196958014372031,"total_couples":1.28445882E8,"nodes":56988,"edges":278371}