{"avg_distance":25.584155894383727,"diameter":75.0,"effective_diameter":37.11461070238114,"total_couples":3.49927218E8,"nodes":107284,"edges":194023}