{"avg_distance":10.346681432990934,"diameter":29.0,"effective_diameter":14.151921088349921,"total_couples":4.98203877E8,"nodes":113982,"edges":562982}