{"avg_distance":21.372226617715533,"diameter":62.0,"effective_diameter":32.17724680045565,"total_couples":1.06982051E8,"nodes":53726,"edges":95599}