{"avg_distance":19.932068307177726,"diameter":57.0,"effective_diameter":29.309897172481488,"total_couples":2.6259378E7,"nodes":26854,"edges":48154}