{"avg_distance":9.528622104605246,"diameter":49.0,"effective_diameter":19.779110087293894,"total_couples":478389.0,"nodes":25078,"edges":32150}