{"avg_distance":3.482770999292833,"diameter":19.0,"effective_diameter":4.477758994137527,"total_couples":1.547954722E9,"nodes":131072,"edges":3761145}