{"avg_distance":3.5179342035198617,"diameter":16.0,"effective_diameter":4.568345881317462,"total_couples":8.1120692E7,"nodes":32768,"edges":403131}