{"avg_distance":3.241949323346274,"diameter":17.0,"effective_diameter":4.065219938952978,"total_couples":1.15287328E8,"nodes":32768,"edges":870040}