{"avg_distance":3.492222095211417,"diameter":20.0,"effective_diameter":4.500899522000102,"total_couples":3.64509669E8,"nodes":65536,"edges":1242104}