{"avg_distance":3.1272568435083663,"diameter":17.0,"effective_diameter":3.847825089070194,"total_couples":5.84141355E8,"nodes":65536,"edges":4196351}