{"avg_distance":4.661251328291714,"diameter":22.0,"effective_diameter":7.600076086285961,"total_couples":4032435.0,"nodes":131072,"edges":284212}