{"avg_distance":3.0361511305202074,"diameter":19.0,"effective_diameter":3.681902094363897,"total_couples":2.701920482E9,"nodes":124000,"edges":22914864}