{
	"avg_distance": 5.2423040386699,
	"effective_diameter":5.951674963284764, 
	"lower_bound":18.0 ,
	"total_couples": 2132907153756
}


