{
	"avg_distance": 6.494519010102225,
	"effective_diameter":8.98139966858118, 
	"lower_bound":35 ,
	"total_couples": 2.49952318E8
}


