{"avg_distance":5.076286486452565,"diameter":14.0,"effective_diameter":6.2271004352693256,"total_couples":3.2347931E8,"nodes":22940,"edges":188114}