{"avg_distance":4.187277292209405,"diameter":13.0,"effective_diameter":4.994950364196475,"total_couples":8.5440994E7,"nodes":11402,"edges":133732}