{"avg_distance":3.112975948623989,"diameter":8.0,"effective_diameter":3.793715499133337,"total_couples":1.4969788E7,"nodes":4032,"edges":174674}