{"avg_distance":3.505178012855658,"diameter":9.0,"effective_diameter":4.21419075705268,"total_couples":4.2395028E7,"nodes":7022,"edges":176898}