{"avg_distance":6.365933824608311,"diameter":20.0,"effective_diameter":7.776140408767651,"total_couples":1.036554318E9,"nodes":41328,"edges":252228}