{"avg_distance":4.157555556509196,"diameter":10.0,"effective_diameter":5.0228677521852685,"total_couples":9787062.0,"nodes":3846,"edges":34348}