{"avg_distance":3.627324462936493,"diameter":9.0,"effective_diameter":4.423299109518279,"total_couples":1.4839772E7,"nodes":4344,"edges":67132}