{"avg_distance":4.309871023330924,"diameter":11.0,"effective_diameter":5.184968665026711,"total_couples":5.8715503E8,"nodes":27748,"edges":415374}