{"avg_distance":4.5411852928116065,"diameter":13.0,"effective_diameter":5.4801676293831445,"total_couples":2.5125319E9,"nodes":54398,"edges":1013980}