{"avg_distance":4.042190030620748,"diameter":11.0,"effective_diameter":4.9154990386392665,"total_couples":2.6332472E8,"nodes":18650,"edges":402184}