{"avg_distance":3.954661707081406,"diameter":12.0,"effective_diameter":4.859487637220951,"total_couples":2.5033276E7,"nodes":5874,"edges":83278}