{"avg_distance":5.498746251066092,"diameter":17.0,"effective_diameter":6.742526635550341,"total_couples":4.57000588E8,"nodes":27778,"edges":185580}