{"avg_distance":3.913856566148577,"diameter":11.0,"effective_diameter":4.728308345458459,"total_couples":9.29239832E8,"nodes":37318,"edges":532940}