{"avg_distance":4.161330678372349,"diameter":13.0,"effective_diameter":4.926428825732116,"total_couples":8.04716408E8,"nodes":35820,"edges":351352}