{"avg_distance":3.430097644443762,"diameter":10.0,"effective_diameter":4.027672757981422,"total_couples":1.7979108E7,"nodes":4634,"edges":110468}