{"avg_distance":4.613044204067533,"diameter":12.0,"effective_diameter":5.692664628763697,"total_couples":3.3797478E7,"nodes":7490,"edges":55272}