{"avg_distance":4.2039392106627105,"diameter":12.0,"effective_diameter":5.026213935544052,"total_couples":3.67078718E8,"nodes":22254,"edges":343052}