{"avg_distance":4.070644157393314,"diameter":11.0,"effective_diameter":4.938124120897873,"total_couples":3.1950328E7,"nodes":7032,"edges":67826}