{"avg_distance":3.821025518249866,"diameter":10.0,"effective_diameter":4.686858820049073,"total_couples":9.0905764E7,"nodes":11888,"edges":227734}