{"avg_distance":3.4043886520730853,"diameter":10.0,"effective_diameter":3.9803106550484664,"total_couples":7.7143641E7,"nodes":9459,"edges":280552}