{"avg_distance":4.301776914267541,"diameter":11.0,"effective_diameter":5.240643570931797,"total_couples":1.41545771E8,"nodes":13753,"edges":174920}