{"avg_distance":3.783086287612413,"diameter":10.0,"effective_diameter":4.585762291640808,"total_couples":2.082753271E9,"nodes":50241,"edges":1650856}