{"avg_distance":4.813331854594578,"diameter":15.0,"effective_diameter":5.976367195588837,"total_couples":1.2686487E7,"nodes":5121,"edges":28808}