{"avg_distance":3.096756810126629,"diameter":8.0,"effective_diameter":3.813042515378605,"total_couples":3251151.0,"nodes":1901,"edges":55536}