{"avg_distance":5.450342712251157,"diameter":15.0,"effective_diameter":6.773128712963916,"total_couples":4.7841447E7,"nodes":9699,"edges":51792}