{"avg_distance":5.599638441000005,"diameter":16.0,"effective_diameter":6.744939052645931,"total_couples":1.770241648E9,"nodes":47338,"edges":452474}