{"avg_distance":4.839069211420782,"diameter":16.0,"effective_diameter":5.9263908210198535,"total_couples":1.2008914E8,"nodes":13912,"edges":104358}