{"avg_distance":3.2699139484993434,"diameter":9.0,"effective_diameter":3.8763695436740924,"total_couples":3.746826E7,"nodes":6526,"edges":204986}