{"avg_distance":6.567473970543581,"diameter":25.0,"effective_diameter":8.471440615628879,"total_couples":8.018867515E9,"nodes":98367,"edges":258364}