{"avg_distance":4.577953097730953,"diameter":17.0,"effective_diameter":5.6409633883150425,"total_couples":9.82418824E9,"nodes":102952,"edges":390302}