{"avg_distance":5.280549282524552,"diameter":17.0,"effective_diameter":6.400285319184269,"total_couples":2.441451348E9,"nodes":51366,"edges":187698}