{"avg_distance":7.832208167488757,"diameter":22.0,"effective_diameter":9.716961093015431,"total_couples":1.996314153E9,"nodes":49121,"edges":126520}