{"avg_distance":3.08620182499992,"diameter":8.0,"effective_diameter":3.52816119301373,"total_couples":2.960883856E9,"nodes":54640,"edges":561724}