{"avg_distance":3.2618773956528595,"diameter":9.0,"effective_diameter":3.739070226309737,"total_couples":1.1869232437E10,"nodes":109679,"edges":1126870}