{"avg_distance":3.1607399129786793,"diameter":9.0,"effective_diameter":3.6328263052450023,"total_couples":7.34410364E8,"nodes":27278,"edges":268894}