{"avg_distance":4.901269033685288,"diameter":15.0,"effective_diameter":5.91914147910903,"total_couples":6.21706586E8,"nodes":25926,"edges":95414}