{"avg_distance":7.600342802776003,"diameter":23.0,"effective_diameter":9.523442286401695,"total_couples":4.98501214E8,"nodes":24690,"edges":63410}